id,symbol,side,quantity,price,trader_id,timestamp,status,created_at
1,AAPL,BUY,220,185.50,TRADER_ALPHA,2026-09-17T09:15:00Z,EXECUTED,2026-09-17T09:15:01Z
2,AAPL,SELL,200,185.75,TRADER_BETA,2026-09-17T09:17:00Z,EXECUTED,2026-09-17T09:17:01Z
3,AAPL,BUY,240,186.00,TRADER_ALPHA,2026-09-17T10:30:00Z,EXECUTED,2026-09-17T10:30:01Z
4,AAPL,SELL,220,186.10,TRADER_BETA,2026-09-17T10:33:00Z,EXECUTED,2026-09-17T10:33:01Z
5,NVDA,BUY,300,119.50,TRADER_GAMMA,2026-09-17T11:00:00Z,EXECUTED,2026-09-17T11:00:01Z
6,NVDA,SELL,280,119.65,TRADER_DELTA,2026-09-17T11:04:00Z,EXECUTED,2026-09-17T11:04:01Z
7,TSLA,BUY,135,248.00,TRADER_EPSILON,2026-09-17T09:30:00Z,EXECUTED,2026-09-17T09:30:01Z
8,MSFT,BUY,100,419.00,TRADER_ZETA,2026-09-17T14:00:00Z,EXECUTED,2026-09-17T14:00:01Z
9,GOOGL,SELL,80,174.50,TRADER_ZETA,2026-09-17T15:00:00Z,EXECUTED,2026-09-17T15:00:01Z
10,NVDA,BUY,270,120.00,TRADER_GAMMA,2026-09-17T13:00:00Z,EXECUTED,2026-09-17T13:00:01Z
11,AAPL,BUY,230,185.80,TRADER_ALPHA,2026-09-18T09:20:00Z,EXECUTED,2026-09-18T09:20:01Z
12,AAPL,SELL,210,186.00,TRADER_BETA,2026-09-18T09:22:00Z,EXECUTED,2026-09-18T09:22:01Z
13,NVDA,BUY,320,120.50,TRADER_GAMMA,2026-09-18T13:00:00Z,EXECUTED,2026-09-18T13:00:01Z
14,NVDA,SELL,300,120.60,TRADER_DELTA,2026-09-18T13:05:00Z,EXECUTED,2026-09-18T13:05:01Z
15,TSLA,BUY,18500,247.00,TRADER_EPSILON,2026-09-18T11:00:00Z,EXECUTED,2026-09-18T11:00:01Z
16,MSFT,SELL,120,420.00,TRADER_ZETA,2026-09-18T10:00:00Z,EXECUTED,2026-09-18T10:00:01Z
17,GOOGL,BUY,90,175.00,TRADER_ALPHA,2026-09-18T14:30:00Z,EXECUTED,2026-09-18T14:30:01Z
18,MSFT,BUY,110,418.50,TRADER_ZETA,2026-09-18T15:00:00Z,EXECUTED,2026-09-18T15:00:01Z
19,AAPL,BUY,250,186.20,TRADER_ALPHA,2026-09-18T10:45:00Z,EXECUTED,2026-09-18T10:45:01Z
20,AAPL,SELL,230,186.40,TRADER_BETA,2026-09-18T10:47:00Z,EXECUTED,2026-09-18T10:47:01Z
21,AAPL,BUY,210,186.50,TRADER_ALPHA,2026-09-19T09:10:00Z,EXECUTED,2026-09-19T09:10:01Z
22,AAPL,SELL,195,186.70,TRADER_BETA,2026-09-19T09:14:00Z,EXECUTED,2026-09-19T09:14:01Z
23,NVDA,BUY,290,121.00,TRADER_GAMMA,2026-09-19T11:15:00Z,EXECUTED,2026-09-19T11:15:01Z
24,NVDA,SELL,275,121.15,TRADER_DELTA,2026-09-19T11:18:00Z,EXECUTED,2026-09-19T11:18:01Z
25,TSLA,BUY,145,249.50,TRADER_EPSILON,2026-09-19T09:45:00Z,EXECUTED,2026-09-19T09:45:01Z
26,GOOGL,BUY,95,175.50,TRADER_ZETA,2026-09-19T13:30:00Z,EXECUTED,2026-09-19T13:30:01Z
27,MSFT,BUY,130,421.00,TRADER_ZETA,2026-09-19T14:00:00Z,EXECUTED,2026-09-19T14:00:01Z
28,AAPL,BUY,260,187.00,TRADER_ALPHA,2026-09-19T11:00:00Z,EXECUTED,2026-09-19T11:00:01Z
29,AAPL,SELL,240,187.20,TRADER_BETA,2026-09-19T11:03:00Z,EXECUTED,2026-09-19T11:03:01Z
30,NVDA,BUY,310,120.80,TRADER_GAMMA,2026-09-19T14:00:00Z,EXECUTED,2026-09-19T14:00:01Z
31,AAPL,BUY,225,187.10,TRADER_ALPHA,2026-09-20T09:30:00Z,EXECUTED,2026-09-20T09:30:01Z
32,AAPL,SELL,205,187.30,TRADER_BETA,2026-09-20T09:32:00Z,EXECUTED,2026-09-20T09:32:01Z
33,NVDA,BUY,305,118.50,TRADER_GAMMA,2026-09-20T10:00:00Z,EXECUTED,2026-09-20T10:00:01Z
34,NVDA,SELL,285,119.00,TRADER_DELTA,2026-09-20T10:04:00Z,EXECUTED,2026-09-20T10:04:01Z
35,TSLA,BUY,160,250.00,TRADER_EPSILON,2026-09-20T10:15:00Z,EXECUTED,2026-09-20T10:15:01Z
36,MSFT,BUY,140,419.50,TRADER_ZETA,2026-09-20T11:00:00Z,EXECUTED,2026-09-20T11:00:01Z
37,GOOGL,SELL,100,176.00,TRADER_ZETA,2026-09-20T15:00:00Z,EXECUTED,2026-09-20T15:00:01Z
38,TSLA,BUY,27000,245.00,TRADER_EPSILON,2026-09-20T14:00:00Z,EXECUTED,2026-09-20T14:00:01Z
39,AAPL,BUY,235,187.50,TRADER_ALPHA,2026-09-20T12:00:00Z,EXECUTED,2026-09-20T12:00:01Z
40,AAPL,SELL,215,187.70,TRADER_BETA,2026-09-20T12:02:00Z,EXECUTED,2026-09-20T12:02:01Z
41,AAPL,BUY,245,187.80,TRADER_ALPHA,2026-09-21T09:05:00Z,EXECUTED,2026-09-21T09:05:01Z
42,AAPL,SELL,225,188.00,TRADER_BETA,2026-09-21T09:08:00Z,EXECUTED,2026-09-21T09:08:01Z
43,NVDA,BUY,330,121.50,TRADER_GAMMA,2026-09-21T11:30:00Z,EXECUTED,2026-09-21T11:30:01Z
44,NVDA,SELL,310,121.65,TRADER_DELTA,2026-09-21T11:33:00Z,EXECUTED,2026-09-21T11:33:01Z
45,TSLA,BUY,155,251.00,TRADER_EPSILON,2026-09-21T10:00:00Z,EXECUTED,2026-09-21T10:00:01Z
46,MSFT,SELL,125,421.50,TRADER_ZETA,2026-09-21T14:30:00Z,EXECUTED,2026-09-21T14:30:01Z
47,GOOGL,BUY,85,176.50,TRADER_ZETA,2026-09-21T10:30:00Z,EXECUTED,2026-09-21T10:30:01Z
48,AAPL,BUY,255,188.20,TRADER_ALPHA,2026-09-21T13:00:00Z,EXECUTED,2026-09-21T13:00:01Z
49,AAPL,SELL,235,188.40,TRADER_BETA,2026-09-21T13:02:00Z,EXECUTED,2026-09-21T13:02:01Z
50,NVDA,BUY,295,121.80,TRADER_GAMMA,2026-09-21T14:00:00Z,EXECUTED,2026-09-21T14:00:01Z
51,AAPL,BUY,215,188.00,TRADER_ALPHA,2026-09-22T09:15:00Z,EXECUTED,2026-09-22T09:15:01Z
52,AAPL,SELL,195,188.20,TRADER_BETA,2026-09-22T09:18:00Z,EXECUTED,2026-09-22T09:18:01Z
53,NVDA,BUY,315,122.00,TRADER_GAMMA,2026-09-22T12:00:00Z,EXECUTED,2026-09-22T12:00:01Z
54,NVDA,SELL,290,122.10,TRADER_DELTA,2026-09-22T12:04:00Z,EXECUTED,2026-09-22T12:04:01Z
55,TSLA,BUY,35000,244.00,TRADER_EPSILON,2026-09-22T09:30:00Z,EXECUTED,2026-09-22T09:30:01Z
56,MSFT,BUY,135,418.00,TRADER_ZETA,2026-09-22T11:00:00Z,EXECUTED,2026-09-22T11:00:01Z
57,GOOGL,SELL,110,177.00,TRADER_ZETA,2026-09-22T15:00:00Z,EXECUTED,2026-09-22T15:00:01Z
58,AAPL,BUY,265,188.50,TRADER_ALPHA,2026-09-22T11:00:00Z,EXECUTED,2026-09-22T11:00:01Z
59,AAPL,SELL,245,188.70,TRADER_BETA,2026-09-22T11:02:00Z,EXECUTED,2026-09-22T11:02:01Z
60,TSLA,BUY,168,252.00,TRADER_EPSILON,2026-09-22T13:00:00Z,EXECUTED,2026-09-22T13:00:01Z
